{"cameraMode":{"drawMode":0,"name":"Shaded","section":"Shading Mode"},"sceneLighting":false,"audioPlay":false,"sceneViewState":{"showFog":true,"showMaterialUpdate":false,"showSkybox":false,"showFlares":true,"showImageEffects":true,"showParticleSystems":true,"showVisualEffectGraphs":true,"m_FxEnabled":true},"in2DMode":false,"pivot":{"x":-0.05994534492492676,"y":0.7759281396865845,"z":0.0020706653594970705},"rotation":{"x":0.11517126113176346,"y":0.12777256965637208,"z":-0.014943479560315609,"w":0.984988272190094},"size":1.911310076713562,"orthographic":false}