{"cameraMode":{"drawMode":0,"name":"Shaded","section":"Shading Mode"},"sceneLighting":false,"audioPlay":false,"sceneViewState":{"showFog":true,"showMaterialUpdate":false,"showSkybox":false,"showFlares":true,"showImageEffects":true,"showParticleSystems":true,"showVisualEffectGraphs":true,"m_FxEnabled":true},"in2DMode":false,"pivot":{"x":-0.3000001907348633,"y":1.6700000762939454,"z":0.49321460723876955},"rotation":{"x":0.0241331085562706,"y":-0.7310325503349304,"z":0.025885997340083123,"w":0.6814338564872742},"size":10.340124130249024,"orthographic":false}