{"cameraMode":{"drawMode":0,"name":"Shaded","section":"Shading Mode"},"sceneLighting":false,"audioPlay":false,"sceneViewState":{"showFog":true,"showMaterialUpdate":false,"showSkybox":true,"showFlares":true,"showImageEffects":true,"showParticleSystems":true,"showVisualEffectGraphs":true,"m_FxEnabled":true},"in2DMode":false,"pivot":{"x":21.585893630981447,"y":1.6236600875854493,"z":-6.353048324584961},"rotation":{"x":-0.02824486792087555,"y":-0.9043373465538025,"z":0.06058794632554054,"w":-0.42155733704566958},"size":21.777456283569337,"orthographic":false}