{"cameraMode":{"drawMode":0,"name":"Shaded","section":"Shading Mode"},"sceneLighting":false,"audioPlay":false,"sceneViewState":{"showFog":true,"showMaterialUpdate":false,"showSkybox":true,"showFlares":true,"showImageEffects":true,"showParticleSystems":true,"showVisualEffectGraphs":true,"m_FxEnabled":true},"in2DMode":false,"pivot":{"x":8.015636444091797,"y":1.1449058055877686,"z":3.793501615524292},"rotation":{"x":-0.018223285675048829,"y":0.26292192935943606,"z":-0.005003236699849367,"w":-0.9646551012992859},"size":5.639265060424805,"orthographic":false}