{"cameraMode":{"drawMode":0,"name":"Shaded","section":"Shading Mode"},"sceneLighting":true,"audioPlay":false,"sceneViewState":{"showFog":true,"showMaterialUpdate":false,"showSkybox":true,"showFlares":true,"showImageEffects":true,"showParticleSystems":true,"showVisualEffectGraphs":true,"m_FxEnabled":true},"in2DMode":false,"pivot":{"x":20.655370712280275,"y":2.0380423069000246,"z":-14.844691276550293},"rotation":{"x":0.0466083399951458,"y":0.5035932064056397,"z":-0.027218224480748178,"w":0.8622601628303528},"size":1.3684496879577637,"orthographic":false}