{"cameraMode":{"drawMode":0,"name":"Shaded","section":"Shading Mode"},"sceneLighting":false,"audioPlay":false,"sceneViewState":{"showFog":true,"showMaterialUpdate":false,"showSkybox":true,"showFlares":true,"showImageEffects":true,"showParticleSystems":true,"showVisualEffectGraphs":true,"m_FxEnabled":true},"in2DMode":false,"pivot":{"x":-36.779808044433597,"y":2.8467774391174318,"z":47.378692626953128},"rotation":{"x":0.0020112351048737766,"y":0.29065272212028506,"z":0.0006095024291425943,"w":-0.9568327069282532},"size":32.828121185302737,"orthographic":false}