{"cameraMode":{"drawMode":0,"name":"Shaded","section":"Shading Mode"},"sceneLighting":false,"audioPlay":false,"sceneViewState":{"showFog":true,"showMaterialUpdate":false,"showSkybox":true,"showFlares":true,"showImageEffects":true,"showParticleSystems":true,"showVisualEffectGraphs":true,"m_FxEnabled":true},"in2DMode":false,"pivot":{"x":17.839664459228517,"y":2.002553701400757,"z":5.85102653503418},"rotation":{"x":-0.007310133893042803,"y":0.22368879616260529,"z":0.0016767621273174883,"w":0.974636971950531},"size":18.10008430480957,"orthographic":false}