{"cameraMode":{"drawMode":0,"name":"Shaded","section":"Shading Mode"},"sceneLighting":true,"audioPlay":false,"sceneViewState":{"showFog":true,"showMaterialUpdate":false,"showSkybox":true,"showFlares":true,"showImageEffects":true,"showParticleSystems":true,"showVisualEffectGraphs":true,"m_FxEnabled":true},"in2DMode":false,"pivot":{"x":-14.746330261230469,"y":0.33997786045074465,"z":3.071201801300049},"rotation":{"x":0.04720119759440422,"y":0.17941509187221528,"z":-0.008618460036814213,"w":0.9826033711433411},"size":7.942507743835449,"orthographic":false}