{"cameraMode":{"drawMode":0,"name":"Shaded","section":"Shading Mode"},"sceneLighting":false,"audioPlay":false,"sceneViewState":{"showFog":true,"showMaterialUpdate":false,"showSkybox":true,"showFlares":true,"showImageEffects":true,"showParticleSystems":true,"showVisualEffectGraphs":true,"m_FxEnabled":true},"in2DMode":false,"pivot":{"x":23.898767471313478,"y":1.0389297008514405,"z":-2.8562493324279787},"rotation":{"x":-0.019575588405132295,"y":-0.7121217250823975,"z":0.01987188309431076,"w":-0.7015054225921631},"size":-0.4763568043708801,"orthographic":false}