{"cameraMode":{"drawMode":0,"name":"Shaded","section":"Shading Mode"},"sceneLighting":false,"audioPlay":false,"sceneViewState":{"showFog":true,"showMaterialUpdate":false,"showSkybox":true,"showFlares":true,"showImageEffects":true,"showParticleSystems":true,"showVisualEffectGraphs":true,"m_FxEnabled":true},"in2DMode":false,"pivot":{"x":3.398649215698242,"y":1.0191431045532227,"z":-26.713199615478517},"rotation":{"x":-0.010439583100378514,"y":0.9074822068214417,"z":-0.022601021453738214,"w":-0.41937005519866946},"size":6.980851173400879,"orthographic":false}