{"cameraMode":{"drawMode":0,"name":"Shaded","section":"Shading Mode"},"sceneLighting":false,"audioPlay":false,"sceneViewState":{"showFog":true,"showMaterialUpdate":false,"showSkybox":true,"showFlares":true,"showImageEffects":true,"showParticleSystems":true,"showVisualEffectGraphs":true,"m_FxEnabled":true},"in2DMode":false,"pivot":{"x":15.081548690795899,"y":-0.40961670875549319,"z":-15.754992485046387},"rotation":{"x":-0.0025698284152895214,"y":-0.9654767513275147,"z":0.2603534460067749,"w":-0.009548989124596119},"size":2.5136828422546388,"orthographic":false}